1674102600.0,0.01397900,0.01399400,0.01396500,0.01398400,52.23100000,1674103499999,0.73023741,218,22.33600000,0.31236475,0
1674103500.0,0.01398300,0.01398900,0.01396500,0.01396800,71.67600000,1674104399999,1.00190488,198,45.16600000,0.63140851,0
1674104400.0,0.01396900,0.01397400,0.01396200,0.01396200,86.18300000,1674105299999,1.20376444,215,33.33000000,0.46550936,0
1674105300.0,0.01396300,0.01397100,0.01395400,0.01397000,212.64400000,1674106199999,2.96948873,311,156.90600000,2.19126592,0
1674106200.0,0.01396900,0.01397400,0.01396200,0.01396200,123.51900000,1674107099999,1.72550626,197,56.96800000,0.79574547,0
1674107100.0,0.01396200,0.01396500,0.01395100,0.01395900,53.84800000,1674107999999,0.75169424,136,18.66100000,0.26050176,0
1674108000.0,0.01395900,0.01396500,0.01395200,0.01395400,60.57000000,1674108899999,0.84542503,157,20.29800000,0.28334155,0
1674108900.0,0.01395400,0.01395400,0.01391300,0.01392900,243.13700000,1674109799999,3.38765696,492,110.17000000,1.53546330,0
1674109800.0,0.01392800,0.01395200,0.01392800,0.01394400,119.88500000,1674110699999,1.67153326,229,93.67400000,1.30615201,0
1674110700.0,0.01394400,0.01395600,0.01394400,0.01394500,78.03300000,1674111599999,1.08849536,211,36.01100000,0.50233781,0
1674111600.0,0.01394500,0.01396000,0.01394000,0.01395800,176.14400000,1674112499999,2.45661333,248,41.55900000,0.57969573,0
1674112500.0,0.01395800,0.01397400,0.01394000,0.01395500,389.72700000,1674113399999,5.43753851,373,193.86500000,2.70600325,0
1674113400.0,0.01395500,0.01395700,0.01394300,0.01394800,116.87000000,1674114299999,1.63020010,212,38.68100000,0.53961576,0
1674114300.0,0.01394700,0.01395500,0.01394100,0.01394900,33.19800000,1674115199999,0.46308907,148,12.27700000,0.17127635,0
1674115200.0,0.01394800,0.01399500,0.01394700,0.01398000,108.35500000,1674116099999,1.51427220,299,71.59500000,1.00079862,0
1674116100.0,0.01397900,0.01398700,0.01397200,0.01398300,115.44100000,1674116999999,1.61375094,250,59.47200000,0.83140381,0
1674117000.0,0.01398200,0.01401800,0.01398100,0.01400300,166.60100000,1674117899999,2.33350631,468,108.49600000,1.51958562,0
1674117900.0,0.01400400,0.01401800,0.01400100,0.01401500,175.31700000,1674118799999,2.45645399,286,94.45900000,1.32353784,0
1674118800.0,0.01401400,0.01402500,0.01399500,0.01400500,269.23500000,1674119699999,3.77157234,398,154.09000000,2.15895718,0
1674119700.0,0.01400500,0.01401300,0.01399100,0.01399500,90.46200000,1674120599999,1.26673649,254,39.00000000,0.54608635,0
1674120600.0,0.01399400,0.01403300,0.01397800,0.01400600,382.28300000,1674121499999,5.35398692,514,150.22000000,2.10421076,0
1674121500.0,0.01400600,0.01403500,0.01400500,0.01402100,172.68200000,1674122399999,2.42167312,339,66.48400000,0.93245015,0
1674122400.0,0.01402000,0.01402100,0.01399900,0.01401300,89.40000000,1674123299999,1.25243518,218,46.45500000,0.65085327,0
1674123300.0,0.01401300,0.01401400,0.01399300,0.01400300,124.53400000,1674124199999,1.74362564,286,42.53300000,0.59559637,0
1674124200.0,0.01400200,0.01401600,0.01399500,0.01399500,279.57000000,1674125099999,3.91604703,336,214.04100000,2.99825292,0
1674125100.0,0.01399400,0.01399900,0.01397800,0.01398500,120.69600000,1674125999999,1.68856836,271,60.88800000,0.85190180,0
1674126000.0,0.01398500,0.01398600,0.01396300,0.01396500,94.71200000,1674126899999,1.32350965,243,35.66200000,0.49838525,0
1674126900.0,0.01396500,0.01396500,0.01394200,0.01395300,160.05300000,1674127799999,2.23293525,396,55.72400000,0.77744846,0
1674127800.0,0.01395300,0.01397400,0.01394400,0.01395400,176.76300000,1674128699999,2.46725636,337,84.76800000,1.18334120,0
1674128700.0,0.01395500,0.01397000,0.01395200,0.01395300,79.88300000,1674129599999,1.11520897,209,37.12300000,0.51827905,0
1674129600.0,0.01395300,0.01396900,0.01394900,0.01396100,166.31700000,1674130499999,2.32204066,268,80.46000000,1.12313807,0
1674130500.0,0.01396100,0.01398400,0.01396000,0.01397600,380.61800000,1674131399999,5.31988303,341,240.05000000,3.35548681,0
1674131400.0,0.01397500,0.01397500,0.01394500,0.01395100,172.23400000,1674132299999,2.40416974,244,59.89100000,0.83617140,0
1674132300.0,0.01395100,0.01396600,0.01391100,0.01393200,829.13100000,1674133199999,11.55219402,811,378.29600000,5.26984480,0
1674133200.0,0.01393300,0.01393400,0.01387900,0.01388500,341.20200000,1674134099999,4.74311232,628,105.96700000,1.47350084,0
1674134100.0,0.01388500,0.01390600,0.01384400,0.01390400,485.98900000,1674134999999,6.74356542,989,241.93900000,3.35765218,0
1674135000.0,0.01390300,0.01391800,0.01389100,0.01391000,356.71200000,1674135899999,4.95910628,485,231.80400000,3.22261172,0
1674135900.0,0.01391100,0.01391300,0.01389100,0.01389500,76.14200000,1674136799999,1.05814235,207,38.97700000,0.54166167,0
1674136800.0,0.01389500,0.01390700,0.01389100,0.01389500,125.40200000,1674137699999,1.74315663,238,76.76300000,1.06710856,0
1674137700.0,0.01389400,0.01390700,0.01387600,0.01390700,192.28500000,1674138599999,2.67025696,418,87.41500000,1.21398371,0
1674138600.0,0.01390700,0.01392200,0.01390000,0.01391200,273.57100000,1674139499999,3.80591932,465,165.14500000,2.29736282,0
1674139500.0,0.01391300,0.01393600,0.01390400,0.01393200,169.56200000,1674140399999,2.36010920,428,113.78800000,1.58382260,0
1674140400.0,0.01393200,0.01394900,0.01390600,0.01392400,311.96100000,1674141299999,4.34605867,456,107.51400000,1.49774741,0
1674141300.0,0.01392400,0.01392600,0.01388300,0.01388700,186.66500000,1674142199999,2.59384844,471,45.85600000,0.63710474,0
1674142200.0,0.01388700,0.01391700,0.01388400,0.01389300,181.74600000,1674143099999,2.52683578,262,95.48200000,1.32757072,0
1674143100.0,0.01389300,0.01390900,0.01388100,0.01389700,120.05800000,1674143999999,1.66830658,265,55.59200000,0.77262677,0
1674144000.0,0.01389600,0.01393000,0.01389300,0.01390600,148.24200000,1674144899999,2.06216963,346,50.27200000,0.69937327,0
1674144900.0,0.01390600,0.01392000,0.01390600,0.01391500,119.58500000,1674145799999,1.66385479,272,59.36800000,0.82603808,0
1674145800.0,0.01391500,0.01392200,0.01390900,0.01392100,80.85700000,1674146699999,1.12513450,237,38.72200000,0.53884367,0
1674146700.0,0.01392100,0.01392900,0.01391300,0.01392900,166.36200000,1674147599999,2.31619704,226,103.61000000,1.44262432,0
1674147600.0,0.01392900,0.01393700,0.01392500,0.01392600,89.07700000,1674148499999,1.24093699,229,52.30000000,0.72855499,0
1674148500.0,0.01392500,0.01393600,0.01391300,0.01393100,172.23500000,1674149399999,2.39862795,331,84.12100000,1.17157785,0
1674149400.0,0.01393200,0.01394700,0.01392900,0.01394100,56.70500000,1674150299999,0.79039376,183,31.97200000,0.44565793,0
1674150300.0,0.01394200,0.01394400,0.01390900,0.01392700,188.60000000,1674151199999,2.62652487,373,76.79600000,1.06963645,0
1674151200.0,0.01392700,0.01394100,0.01391600,0.01393500,155.49700000,1674152099999,2.16649167,265,62.18300000,0.86635151,0
1674152100.0,0.01393400,0.01394900,0.01393100,0.01394800,91.14400000,1674152999999,1.27051572,257,58.11400000,0.81014676,0
1674153000.0,0.01394800,0.01396000,0.01393200,0.01395300,115.71300000,1674153899999,1.61419558,347,61.02800000,0.85142993,0
1674153900.0,0.01395300,0.01395300,0.01390600,0.01394100,215.81200000,1674154799999,3.00573217,429,82.91700000,1.15505435,0
1674154800.0,0.01394200,0.01395500,0.01392400,0.01392600,137.18500000,1674155699999,1.91260958,325,59.53000000,0.83016034,0
1674155700.0,0.01392600,0.01392600,0.01390900,0.01391400,87.04000000,1674156599999,1.21124139,315,24.14300000,0.33596898,0
1674156600.0,0.01391500,0.01392800,0.01390900,0.01391900,89.60800000,1674157499999,1.24711498,287,44.35500000,0.61729225,0
1674157500.0,0.01392000,0.01393500,0.01390800,0.01393400,148.33100000,1674158399999,2.06513526,274,82.40700000,1.14735865,0
1674158400.0,0.01393500,0.01394300,0.01392500,0.01393500,263.67500000,1674159299999,3.67399732,462,100.40100000,1.39886638,0
1674159300.0,0.01393500,0.01395800,0.01393200,0.01395600,171.08900000,1674160199999,2.38596006,400,98.19600000,1.36927499,0
1674160200.0,0.01395700,0.01396600,0.01393500,0.01395500,233.05600000,1674161099999,3.25231341,417,104.85800000,1.46357346,0
1674161100.0,0.01395400,0.01397200,0.01395300,0.01395800,74.00800000,1674161999999,1.03370502,231,45.34900000,0.63342401,0
1674162000.0,0.01395900,0.01398100,0.01395900,0.01397600,107.25200000,1674162899999,1.49885102,376,39.21100000,0.54795185,0
1674162900.0,0.01397600,0.01398400,0.01396800,0.01397700,80.38900000,1674163799999,1.12355273,293,44.77000000,0.62573138,0
1674163800.0,0.01397700,0.01398800,0.01397400,0.01398100,161.27300000,1674164699999,2.25475041,358,117.76400000,1.64639705,0
1674164700.0,0.01398200,0.01400900,0.01398100,0.01399700,177.89000000,1674165599999,2.48943070,451,106.87800000,1.49591783,0
1674165600.0,0.01399600,0.01400200,0.01398300,0.01398700,263.27300000,1674166499999,3.68378607,271,139.50300000,1.95197825,0
1674166500.0,0.01398600,0.01400400,0.01397500,0.01399900,160.91900000,1674167399999,2.25078901,322,63.64300000,0.89045490,0
1674167400.0,0.01399900,0.01399900,0.01395500,0.01396700,140.87800000,1674168299999,1.96873128,279,45.10000000,0.63036992,0
1674168300.0,0.01396700,0.01397500,0.01394500,0.01394700,96.07300000,1674169199999,1.34123128,243,57.71000000,0.80584300,0
1674169200.0,0.01394800,0.01400300,0.01394800,0.01400200,130.89200000,1674170099999,1.82955418,299,100.13300000,1.39980803,0
1674170100.0,0.01400200,0.01400500,0.01399400,0.01399600,48.61900000,1674170999999,0.68063601,189,28.94400000,0.40520625,0
1674171000.0,0.01399700,0.01400000,0.01397900,0.01398700,141.83800000,1674171899999,1.98421731,238,61.11900000,0.85489385,0
1674171900.0,0.01398600,0.01399600,0.01397400,0.01397800,124.77000000,1674172799999,1.74467603,212,67.49200000,0.94380476,0
1674172800.0,0.01397800,0.01400700,0.01396700,0.01397200,215.76200000,1674173699999,3.01758750,399,119.00800000,1.66470187,0
1674173700.0,0.01397200,0.01397500,0.01394700,0.01395200,284.87700000,1674174599999,3.97753146,541,88.24100000,1.23197886,0
1674174600.0,0.01395100,0.01395300,0.01393900,0.01394500,133.36700000,1674175499999,1.85958136,298,55.03200000,0.76727969,0
1674175500.0,0.01394400,0.01396300,0.01393000,0.01395900,231.03700000,1674176399999,3.22220688,315,63.75200000,0.88957028,0
1674176400.0,0.01395900,0.01396800,0.01395500,0.01396400,119.55600000,1674177299999,1.66910498,197,75.47100000,1.05362579,0
1674177300.0,0.01396500,0.01396900,0.01394600,0.01395100,108.69200000,1674178199999,1.51708786,276,53.79400000,0.75090615,0
1674178200.0,0.01395200,0.01397300,0.01394600,0.01394800,101.07600000,1674179099999,1.41111745,255,34.37100000,0.47995220,0
1674179100.0,0.01394700,0.01397400,0.01394700,0.01397200,60.83400000,1674179999999,0.84956912,142,38.51800000,0.53791265,0
1674180000.0,0.01397200,0.01398600,0.01395800,0.01397300,119.03700000,1674180899999,1.66315395,222,77.41700000,1.08175760,0
1674180900.0,0.01397300,0.01398800,0.01397100,0.01397200,144.15800000,1674181799999,2.01520522,387,60.40200000,0.84440728,0
1674181800.0,0.01397300,0.01401500,0.01397300,0.01400500,121.21700000,1674182699999,1.69661792,366,89.18900000,1.24840294,0
1674182700.0,0.01400500,0.01404700,0.01399500,0.01399600,746.71200000,1674183599999,10.47625143,445,583.92000000,8.19524115,0
1674183600.0,0.01399600,0.01400600,0.01399600,0.01400400,25.56900000,1674184499999,0.35797838,101,7.97700000,0.11168353,0
1674184500.0,0.01400300,0.01400300,0.01398200,0.01398200,65.65700000,1674185399999,0.91869729,227,25.00300000,0.34989307,0
1674185400.0,0.01398300,0.01398500,0.01397300,0.01397300,65.96500000,1674186299999,0.92194251,181,7.18000000,0.10036445,0
1674186300.0,0.01397300,0.01397800,0.01396800,0.01397500,128.51900000,1674187199999,1.79562678,175,94.14800000,1.31544149,0
1674187200.0,0.01397500,0.01397800,0.01396400,0.01397600,93.82900000,1674188099999,1.31099209,243,39.99400000,0.55886472,0
1674188100.0,0.01397700,0.01399000,0.01397100,0.01398800,129.48900000,1674188999999,1.81047649,349,75.18100000,1.05104893,0
1674189000.0,0.01398800,0.01400600,0.01398000,0.01398000,143.76800000,1674189899999,2.01162715,308,68.87600000,0.96378619,0
1674189900.0,0.01397900,0.01400000,0.01397900,0.01398000,143.69400000,1674190799999,2.00997684,276,45.29700000,0.63364191,0
1674190800.0,0.01398100,0.01400400,0.01397800,0.01399200,106.15400000,1674191699999,1.48553175,295,54.49700000,0.76261812,0
1674191700.0,0.01399100,0.01399500,0.01387700,0.01387800,601.05700000,1674192599999,8.37087729,1272,171.21800000,2.38249305,0
1674192600.0,0.01387800,0.01387900,0.01377100,0.01377100,2161.46900000,1674193499999,29.89335797,2374,342.44900000,4.73316580,0
1674193500.0,0.01377200,0.01379900,0.01375000,0.01376000,644.20200000,1674194399999,8.87040907,871,195.05600000,2.68616306,0
1674194400.0,0.01375900,0.01376300,0.01372000,0.01372300,702.99800000,1674195299999,9.66138741,1005,179.96600000,2.47304759,0
1674195300.0,0.01372000,0.01376000,0.01369300,0.01375400,1419.37500000,1674196199999,19.46219744,1411,350.78100000,4.81559559,0
1674196200.0,0.01375300,0.01377100,0.01372500,0.01373900,693.15900000,1674197099999,9.52787882,581,484.99300000,6.66760815,0
1674197100.0,0.01373900,0.01373900,0.01370800,0.01372000,274.69400000,1674197999999,3.76994493,391,94.37800000,1.29517574,0
1674198000.0,0.01371900,0.01373500,0.01370500,0.01373200,312.78100000,1674198899999,4.29040561,432,190.33800000,2.61085833,0
1674198900.0,0.01373300,0.01375400,0.01372200,0.01374400,598.73800000,1674199799999,8.22647468,766,249.26500000,3.42531315,0
1674199800.0,0.01374400,0.01375100,0.01371800,0.01374800,224.70100000,1674200699999,3.08614248,336,86.81000000,1.19261119,0
1674200700.0,0.01374700,0.01375100,0.01373000,0.01374200,303.99700000,1674201599999,4.17758193,276,145.03000000,1.99227283,0
1674201600.0,0.01374200,0.01374600,0.01369300,0.01374600,637.31700000,1674202499999,8.74017236,556,162.27800000,2.22846130,0
1674202500.0,0.01374700,0.01375000,0.01373800,0.01374200,246.79900000,1674203399999,3.39166241,297,170.29900000,2.34020354,0
1674203400.0,0.01374200,0.01376400,0.01374100,0.01376400,441.80700000,1674204299999,6.07448240,426,333.08700000,4.57953610,0
1674204300.0,0.01376400,0.01376500,0.01375000,0.01376100,231.45200000,1674205199999,3.18396092,366,112.47300000,1.54735971,0
1674205200.0,0.01376000,0.01376200,0.01373300,0.01374100,195.27400000,1674206099999,2.68391199,307,73.08600000,1.00474043,0
1674206100.0,0.01374200,0.01376500,0.01374200,0.01374900,241.69300000,1674206999999,3.32345682,325,160.17400000,2.20227791,0
1674207000.0,0.01375100,0.01375700,0.01373000,0.01375700,201.11100000,1674207899999,2.76422780,312,90.87700000,1.24912674,0
1674207900.0,0.01375700,0.01378000,0.01373800,0.01377000,440.05300000,1674208799999,6.05141578,569,271.25000000,3.73026466,0
1674208800.0,0.01377000,0.01377100,0.01373400,0.01373400,283.97200000,1674209699999,3.90672437,438,135.82700000,1.86921098,0
1674209700.0,0.01373500,0.01375700,0.01372600,0.01374400,253.68600000,1674210599999,3.48492759,363,139.08600000,1.91102038,0
1674210600.0,0.01374400,0.01374400,0.01372900,0.01373300,136.12500000,1674211499999,1.86972683,301,39.11400000,0.53728353,0
1674211500.0,0.01373300,0.01374700,0.01372900,0.01374000,262.71500000,1674212399999,3.60891340,442,80.11100000,1.10066267,0
1674212400.0,0.01374000,0.01374100,0.01371600,0.01372200,205.85300000,1674213299999,2.82564141,255,49.33000000,0.67717800,0
1674213300.0,0.01372300,0.01373800,0.01372200,0.01372800,133.20300000,1674214199999,1.82927348,240,50.77100000,0.69722325,0
1674214200.0,0.01372900,0.01373200,0.01370900,0.01370900,246.22600000,1674215099999,3.37736821,444,62.54300000,0.85804654,0
1674215100.0,0.01371000,0.01373300,0.01369700,0.01369700,462.56500000,1674215999999,6.34192274,633,206.36600000,2.83043257,0
1674216000.0,0.01369600,0.01370500,0.01368200,0.01369800,360.60100000,1674216899999,4.93706620,562,215.52000000,2.95068507,0
1674216900.0,0.01369900,0.01372800,0.01369600,0.01370700,253.95500000,1674217799999,3.48173358,451,129.71400000,1.77824444,0
1674217800.0,0.01370700,0.01371700,0.01370000,0.01371200,169.90700000,1674218699999,2.32923449,341,68.83000000,0.94362686,0
1674218700.0,0.01371100,0.01374300,0.01370300,0.01372000,350.78900000,1674219599999,4.81490437,531,185.66000000,2.54830212,0
1674219600.0,0.01372100,0.01374100,0.01371500,0.01373400,217.07800000,1674220499999,2.97966101,339,120.82700000,1.65875210,0
1674220500.0,0.01373400,0.01377200,0.01370600,0.01372600,973.42700000,1674221399999,13.37496700,634,769.61400000,10.57741424,0
1674221400.0,0.01372600,0.01372600,0.01370700,0.01371900,170.70800000,1674222299999,2.34145613,354,73.98700000,1.01483248,0
1674222300.0,0.01371800,0.01372500,0.01369900,0.01370200,339.01300000,1674223199999,4.64810845,514,128.74800000,1.76529599,0
1674223200.0,0.01370100,0.01370600,0.01368900,0.01368900,254.03700000,1674224099999,3.47927768,315,168.39100000,2.30640328,0
1674224100.0,0.01368900,0.01371100,0.01368700,0.01369500,199.10300000,1674224999999,2.72686751,335,133.87300000,1.83369705,0
1674225000.0,0.01369400,0.01369500,0.01367000,0.01368400,326.54200000,1674225899999,4.46871125,603,129.07100000,1.76635415,0
1674225900.0,0.01368400,0.01369800,0.01367900,0.01368500,268.02700000,1674226799999,3.66860351,407,124.64200000,1.70611373,0
1674226800.0,0.01368500,0.01370000,0.01365700,0.01366700,1444.06800000,1674227699999,19.73995063,808,1120.10800000,15.30973987,0
1674227700.0,0.01366700,0.01368500,0.01365500,0.01368200,240.57900000,1674228599999,3.28920685,447,131.85400000,1.80287672,0
1674228600.0,0.01368200,0.01370300,0.01368100,0.01369800,131.25900000,1674229499999,1.79745923,340,61.72000000,0.84535058,0
1674229500.0,0.01369900,0.01370400,0.01369100,0.01369200,97.78900000,1674230399999,1.33955945,204,51.38000000,0.70383120,0
1674230400.0,0.01369300,0.01369300,0.01367000,0.01367600,121.56300000,1674231299999,1.66238481,256,54.08000000,0.73959157,0
1674231300.0,0.01367700,0.01369200,0.01365000,0.01367700,392.97800000,1674232199999,5.37267119,630,174.71500000,2.38877556,0
1674232200.0,0.01367700,0.01373200,0.01366200,0.01372700,610.08900000,1674233099999,8.35632077,1037,324.78600000,4.44858974,0
1674233100.0,0.01372700,0.01372800,0.01367500,0.01370200,578.14900000,1674233999999,7.91808238,898,222.73100000,3.05064376,0
1674234000.0,0.01370300,0.01370800,0.01367500,0.01369400,283.08500000,1674234899999,3.87556552,403,124.71500000,1.70800477,0
1674234900.0,0.01369400,0.01370600,0.01368700,0.01369000,304.51000000,1674235799999,4.17100001,518,97.18100000,1.33115501,0
1674235800.0,0.01369100,0.01370000,0.01367800,0.01368600,215.90300000,1674236699999,2.95550975,403,84.40100000,1.15550452,0
1674236700.0,0.01368600,0.01370800,0.01368500,0.01370300,211.50400000,1674237599999,2.89742589,336,128.04700000,1.75382768,0
1674237600.0,0.01370200,0.01370400,0.01367200,0.01368700,398.99100000,1674238499999,5.46173934,507,103.12900000,1.41210475,0
1674238500.0,0.01368600,0.01370900,0.01366600,0.01370500,305.56300000,1674239399999,4.18318216,556,152.04400000,2.08161260,0
1674239400.0,0.01370500,0.01371800,0.01369700,0.01370300,254.84600000,1674240299999,3.49213676,431,110.08100000,1.50859029,0
1674240300.0,0.01370300,0.01370800,0.01369000,0.01369600,200.26300000,1674241199999,2.74316285,347,108.49600000,1.48613491,0
1674241200.0,0.01369600,0.01370000,0.01368500,0.01369000,138.93700000,1674242099999,1.90240967,251,53.11600000,0.72734380,0
1674242100.0,0.01369000,0.01369700,0.01368000,0.01368300,464.11200000,1674242999999,6.35353867,501,78.63300000,1.07652719,0
1674243000.0,0.01368300,0.01370700,0.01368200,0.01369300,195.35500000,1674243899999,2.67581110,428,85.17600000,1.16668932,0
1674243900.0,0.01369100,0.01371000,0.01368800,0.01369400,390.06700000,1674244799999,5.34445366,618,182.88500000,2.50589760,0
1674244800.0,0.01369400,0.01372500,0.01356800,0.01365100,4639.83100000,1674245699999,63.18660092,3485,1066.23600000,14.52986409,0
1674245700.0,0.01365000,0.01367500,0.01362200,0.01363400,437.68700000,1674246599999,5.97540343,1016,197.79800000,2.70072186,0
1674246600.0,0.01363400,0.01364500,0.01351000,0.01356300,2353.43300000,1674247499999,31.91111287,2401,690.77400000,9.37184637,0
1674247500.0,0.01356300,0.01357000,0.01347300,0.01351900,1886.30900000,1674248399999,25.48978648,1796,614.26100000,8.30254682,0
1674248400.0,0.01351900,0.01354500,0.01345200,0.01347500,1015.59600000,1674249299999,13.69813745,1486,384.66500000,5.19069420,0
1674249300.0,0.01347500,0.01355200,0.01346800,0.01354000,577.35000000,1674250199999,7.80455447,1149,384.27700000,5.19298262,0
1674250200.0,0.01354000,0.01358700,0.01353800,0.01355800,729.05200000,1674251099999,9.88224698,871,228.31900000,3.09634731,0
1674251100.0,0.01355900,0.01357000,0.01354000,0.01354900,256.43800000,1674251999999,3.47477514,460,75.63400000,1.02489936,0
1674252000.0,0.01354800,0.01355500,0.01349800,0.01350600,903.87700000,1674252899999,12.22650753,790,145.29700000,1.96525083,0
1674252900.0,0.01350700,0.01350800,0.01339900,0.01344600,1462.37600000,1674253799999,19.66356378,2087,328.68400000,4.42019019,0
1674253800.0,0.01344600,0.01346600,0.01342300,0.01342900,453.01800000,1674254699999,6.09050555,821,244.80500000,3.29135514,0
1674254700.0,0.01342600,0.01345400,0.01339700,0.01342700,399.17100000,1674255599999,5.35829899,811,176.96900000,2.37620581,0
1674255600.0,0.01342600,0.01347600,0.01342200,0.01345700,521.86400000,1674256499999,7.01540092,707,346.80800000,4.66112765,0
1674256500.0,0.01345800,0.01346800,0.01340800,0.01345600,556.64400000,1674257399999,7.48189438,931,291.18500000,3.91357777,0
1674257400.0,0.01345700,0.01348400,0.01341800,0.01344300,452.92600000,1674258299999,6.08995731,760,264.69300000,3.56019194,0
1674258300.0,0.01344400,0.01345900,0.01343700,0.01345600,220.92400000,1674259199999,2.97124814,445,117.53700000,1.58085239,0
1674259200.0,0.01345700,0.01346600,0.01336600,0.01339400,1728.46900000,1674260099999,23.18188547,2439,683.75900000,9.17406170,0
1674260100.0,0.01339300,0.01344200,0.01335600,0.01339500,900.10400000,1674260999999,12.06471892,1306,503.76700000,6.75763349,0
1674261000.0,0.01339500,0.01347900,0.01339500,0.01342000,602.92700000,1674261899999,8.10835173,1259,384.36200000,5.16830062,0
1674261900.0,0.01342000,0.01344500,0.01341100,0.01341900,220.41800000,1674262799999,2.96003843,453,93.72200000,1.25881333,0
1674262800.0,0.01341900,0.01355800,0.01341400,0.01352800,1346.26600000,1674263699999,18.19420661,1953,618.84100000,8.35572037,0
1674263700.0,0.01352800,0.01355100,0.01348600,0.01350200,686.70900000,1674264599999,9.27919294,970,214.25900000,2.89566214,0
1674264600.0,0.01350200,0.01350200,0.01345200,0.01345500,307.12300000,1674265499999,4.13995733,662,103.38300000,1.39405032,0
1674265500.0,0.01345600,0.01352700,0.01345200,0.01352500,568.59400000,1674266399999,7.66991620,721,424.90300000,5.72994007,0
1674266400.0,0.01352400,0.01352500,0.01347900,0.01348100,110.40100000,1674267299999,1.49026944,235,38.83900000,0.52418442,0
1674267300.0,0.01348100,0.01348900,0.01347400,0.01348100,300.31400000,1674268199999,4.04876741,364,82.57200000,1.11333557,0
1674268200.0,0.01348200,0.01349400,0.01341800,0.01344300,1073.72900000,1674269099999,14.45576198,723,329.80500000,4.44408589,0
1674269100.0,0.01344300,0.01344900,0.01342900,0.01344500,207.16100000,1674269999999,2.78376335,384,102.69100000,1.37998823,0
1674270000.0,0.01344500,0.01344800,0.01339900,0.01340400,531.94600000,1674270899999,7.13484150,664,144.36700000,1.93627641,0
1674270900.0,0.01340400,0.01341100,0.01337800,0.01338600,332.23400000,1674271799999,4.44967043,586,131.08600000,1.75569408,0
1674271800.0,0.01338700,0.01340300,0.01337500,0.01340300,174.76800000,1674272699999,2.33988932,324,103.95500000,1.39192026,0
1674272700.0,0.01340300,0.01340700,0.01339600,0.01340500,134.76700000,1674273599999,1.80606964,207,74.07600000,0.99275730,0
1674273600.0,0.01340500,0.01344900,0.01338800,0.01342800,1066.77800000,1674274499999,14.32827703,802,888.75900000,11.93906822,0
1674274500.0,0.01342700,0.01343600,0.01338900,0.01340900,628.79100000,1674275399999,8.43796224,448,89.27900000,1.19770584,0
1674275400.0,0.01340900,0.01341300,0.01340100,0.01340600,165.99100000,1674276299999,2.22509169,246,76.36400000,1.02376383,0
1674276300.0,0.01340700,0.01342900,0.01340700,0.01341500,115.96600000,1674277199999,1.55581701,269,60.30500000,0.80902328,0
1674277200.0,0.01341400,0.01341400,0.01337000,0.01338000,259.29900000,1674278099999,3.47269389,430,78.04800000,1.04549105,0
1674278100.0,0.01338100,0.01339800,0.01338100,0.01339800,205.94200000,1674278999999,2.75786485,356,70.96000000,0.95019990,0
1674279000.0,0.01339700,0.01343100,0.01338600,0.01342300,275.76300000,1674279899999,3.69932788,329,124.93500000,1.67639812,0
1674279900.0,0.01342300,0.01342800,0.01341700,0.01342300,100.08400000,1674280799999,1.34342781,211,51.95200000,0.69736093,0
1674280800.0,0.01342200,0.01343000,0.01338600,0.01338700,100.50400000,1674281699999,1.34746722,253,35.42300000,0.47492034,0
1674281700.0,0.01338800,0.01341700,0.01338800,0.01341100,252.53600000,1674282599999,3.38465102,455,120.80500000,1.61898009,0
1674282600.0,0.01341100,0.01343900,0.01341100,0.01343900,209.90600000,1674283499999,2.81809394,359,138.53300000,1.85994857,0
1674283500.0,0.01343900,0.01346500,0.01343400,0.01345400,720.00300000,1674284399999,9.68705552,548,287.75400000,3.87025233,0
1674284400.0,0.01345500,0.01349400,0.01345500,0.01348800,359.72900000,1674285299999,4.84756393,665,215.45600000,2.90339506,0
1674285300.0,0.01348900,0.01349900,0.01347600,0.01348000,212.47700000,1674286199999,2.86609067,406,82.41000000,1.11177838,0
1674286200.0,0.01348100,0.01349400,0.01346800,0.01347800,270.33000000,1674287099999,3.64427606,418,133.67300000,1.80224478,0
1674287100.0,0.01347700,0.01348200,0.01344100,0.01346000,301.16100000,1674287999999,4.05529014,594,172.48300000,2.32247112,0
1674288000.0,0.01345900,0.01346100,0.01340600,0.01341200,173.79400000,1674288899999,2.33410742,442,39.20700000,0.52653909,0
1674288900.0,0.01341300,0.01342600,0.01340000,0.01340100,866.81900000,1674289799999,11.62238386,666,221.50300000,2.97147258,0
1674289800.0,0.01340200,0.01340200,0.01337000,0.01337400,800.79200000,1674290699999,10.72726853,624,110.65700000,1.48147678,0
1674290700.0,0.01337400,0.01339700,0.01336600,0.01337200,404.97000000,1674291599999,5.41755266,470,122.29100000,1.63612078,0
1674291600.0,0.01337200,0.01337900,0.01335700,0.01335900,256.65800000,1674292499999,3.42999201,464,154.03700000,2.05878263,0
1674292500.0,0.01335900,0.01339500,0.01335800,0.01339100,235.30400000,1674293399999,3.14724815,446,144.84900000,1.93727850,0
1674293400.0,0.01339000,0.01339200,0.01331000,0.01337600,2030.88400000,1674294299999,27.08489588,1522,390.95200000,5.21763439,0
1674294300.0,0.01337600,0.01339700,0.01331300,0.01332700,828.13800000,1674295199999,11.05982312,1414,362.97400000,4.84860700,0
1674295200.0,0.01332600,0.01334700,0.01325100,0.01328700,2824.74500000,1674296099999,37.53670528,3250,932.32500000,12.39327218,0
1674296100.0,0.01328800,0.01332800,0.01327000,0.01328000,2662.74400000,1674296999999,35.40135613,2676,1828.23300000,24.30912958,0
1674297000.0,0.01328100,0.01335100,0.01324600,0.01333000,5654.50800000,1674297899999,75.20734451,2936,1727.19900000,22.94670839,0
1674297900.0,0.01332900,0.01333700,0.01322000,0.01328400,1844.20200000,1674298799999,24.44814816,2019,509.57300000,6.76190478,0
1674298800.0,0.01328300,0.01330500,0.01322900,0.01326100,1009.04400000,1674299699999,13.38000473,1187,384.56400000,5.10242018,0
1674299700.0,0.01326200,0.01331500,0.01326100,0.01327800,566.50800000,1674300599999,7.52487760,607,424.89900000,5.64436104,0
1674300600.0,0.01327800,0.01327800,0.01323300,0.01324800,340.78200000,1674301499999,4.51588985,626,174.34000000,2.31015000,0
1674301500.0,0.01324900,0.01324900,0.01322800,0.01324000,916.39000000,1674302399999,12.13167373,546,753.56900000,9.97652196,0
1674302400.0,0.01323900,0.01324100,0.01320500,0.01323600,1065.42300000,1674303299999,14.08597682,792,180.59300000,2.38835138,0
1674303300.0,0.01323600,0.01324100,0.01320100,0.01323100,428.57200000,1674304199999,5.66671676,708,222.32400000,2.94028665,0
1674304200.0,0.01323000,0.01324300,0.01320800,0.01322900,211.34300000,1674305099999,2.79468393,537,121.96400000,1.61277611,0
1674305100.0,0.01322900,0.01325000,0.01321700,0.01322800,268.40900000,1674305999999,3.55290586,559,132.62300000,1.75548369,0
1674306000.0,0.01322800,0.01330000,0.01322800,0.01329200,364.81000000,1674306899999,4.84025603,621,227.45700000,3.01736714,0
1674306900.0,0.01329100,0.01330100,0.01326100,0.01326200,240.15200000,1674307799999,3.18873862,464,104.96100000,1.39396419,0
1674307800.0,0.01326100,0.01327300,0.01321700,0.01322200,396.16000000,1674308699999,5.24671943,740,143.05900000,1.89467851,0
1674308700.0,0.01322200,0.01324900,0.01322100,0.01324900,113.35500000,1674309599999,1.50036946,285,62.59100000,0.82850291,0
1674309600.0,0.01324900,0.01326000,0.01323900,0.01325500,248.65000000,1674310499999,3.29495745,478,115.82100000,1.53468899,0
1674310500.0,0.01325300,0.01326700,0.01324900,0.01325900,119.09200000,1674311399999,1.57882019,305,68.94600000,0.91402747,0
1674311400.0,0.01325900,0.01326200,0.01320800,0.01321000,285.97200000,1674312299999,3.78373950,493,107.57000000,1.42287021,0
1674312300.0,0.01321100,0.01321600,0.01318900,0.01318900,1457.95500000,1674313199999,19.24539235,1036,1115.76600000,14.72776585,0
1674313200.0,0.01318900,0.01320300,0.01318700,0.01319300,2011.40900000,1674314099999,26.53225784,1295,1896.88700000,25.02155568,0
1674314100.0,0.01319300,0.01319300,0.01309300,0.01310000,5101.52800000,1674314999999,67.06241136,3299,3963.20000000,52.11058878,0
1674315000.0,0.01310100,0.01311600,0.01305300,0.01311200,1360.22400000,1674315899999,17.79813750,1543,467.62800000,6.12167269,0
1674315900.0,0.01311200,0.01314700,0.01305400,0.01312600,1112.33600000,1674316799999,14.58692335,1612,575.70400000,7.55632186,0
1674316800.0,0.01312700,0.01315000,0.01310800,0.01313700,400.08400000,1674317699999,5.25484748,849,190.67100000,2.50445780,0
1674317700.0,0.01313600,0.01315100,0.01310800,0.01313500,565.18000000,1674318599999,7.42109811,668,417.47900000,5.48246051,0
1674318600.0,0.01313600,0.01314200,0.01310700,0.01313100,281.37700000,1674319499999,3.69293510,604,150.45600000,1.97471810,0
1674319500.0,0.01312900,0.01313400,0.01310200,0.01312200,369.77300000,1674320399999,4.84926471,657,144.47600000,1.89521100,0
1674320400.0,0.01312100,0.01313500,0.01307500,0.01308600,732.75900000,1674321299999,9.60000980,708,226.27400000,2.96403077,0
1674321300.0,0.01308700,0.01311700,0.01307100,0.01309800,324.65400000,1674322199999,4.25063254,659,235.26400000,3.08016287,0
1674322200.0,0.01309700,0.01311900,0.01306900,0.01308500,344.69600000,1674323099999,4.51250115,504,167.51500000,2.19337151,0
1674323100.0,0.01308500,0.01309800,0.01305600,0.01308100,439.79700000,1674323999999,5.75118055,782,207.86200000,2.71770018,0
1674324000.0,0.01308100,0.01312400,0.01307500,0.01312100,239.28300000,1674324899999,3.13402025,550,132.97500000,1.74203697,0
1674324900.0,0.01312100,0.01312900,0.01310100,0.01312200,104.73100000,1674325799999,1.37350499,407,54.71700000,0.71763249,0
1674325800.0,0.01312100,0.01312200,0.01309700,0.01310100,126.05300000,1674326699999,1.65252326,359,56.69200000,0.74330472,0
1674326700.0,0.01310000,0.01310300,0.01308100,0.01310100,177.37400000,1674327599999,2.32263293,408,84.10600000,1.10145956,0
1674327600.0,0.01309900,0.01312000,0.01309300,0.01311800,267.91700000,1674328499999,3.51184475,451,153.78800000,2.01575917,0
1674328500.0,0.01311800,0.01313200,0.01310800,0.01312200,196.68000000,1674329399999,2.58061203,344,150.02100000,1.96840115,0
1674329400.0,0.01312200,0.01312400,0.01306600,0.01309100,370.49100000,1674330299999,4.85323096,510,46.83500000,0.61391339,0
1674330300.0,0.01309100,0.01309100,0.01305000,0.01307600,227.18400000,1674331199999,2.97010839,488,99.54900000,1.30200326,0
1674331200.0,0.01307500,0.01308900,0.01306900,0.01308200,121.29800000,1674332099999,1.58646807,273,54.34900000,0.71091852,0
1674332100.0,0.01308100,0.01310700,0.01308100,0.01309500,460.02500000,1674332999999,6.02030676,513,395.42000000,5.17463074,0
1674333000.0,0.01309500,0.01313200,0.01309000,0.01312600,180.01000000,1674333899999,2.36067320,451,100.97100000,1.32421534,0
1674333900.0,0.01312500,0.01314700,0.01312400,0.01314300,258.06100000,1674334799999,3.38996367,539,154.41600000,2.02846648,0
1674334800.0,0.01314300,0.01318000,0.01310900,0.01313200,298.07500000,1674335699999,3.91723147,641,150.03300000,1.97256500,0
1674335700.0,0.01313100,0.01313100,0.01310400,0.01310900,133.64700000,1674336599999,1.75258099,290,58.11500000,0.76212403,0
1674336600.0,0.01311000,0.01311500,0.01309500,0.01311100,177.89300000,1674337499999,2.33135092,417,86.86900000,1.13857450,0
1674337500.0,0.01311200,0.01312800,0.01310400,0.01312700,150.31400000,1674338399999,1.97171888,378,108.05800000,1.41753340,0
1674338400.0,0.01312400,0.01313800,0.01312300,0.01313200,131.67700000,1674339299999,1.72879063,344,57.62200000,0.75654443,0
1674339300.0,0.01313100,0.01313500,0.01310100,0.01311800,161.68600000,1674340199999,2.12145129,346,74.07200000,0.97200112,0
1674340200.0,0.01311900,0.01316300,0.01311500,0.01314200,220.53700000,1674341099999,2.89793433,498,132.33000000,1.73911561,0
1674341100.0,0.01314300,0.01324000,0.01311500,0.01321100,394.87300000,1674341999999,5.20111654,825,296.55400000,3.90912316,0
1674342000.0,0.01322600,0.01323200,0.01317100,0.01317900,451.14000000,1674342899999,5.95140590,883,187.29100000,2.47170737,0
1674342900.0,0.01317900,0.01320800,0.01312400,0.01314000,850.66200000,1674343799999,11.20916915,1392,417.51800000,5.50366723,0
1674343800.0,0.01313800,0.01314600,0.01311900,0.01313100,275.76400000,1674344699999,3.62054748,566,136.70000000,1.79512483,0
1674344700.0,0.01313100,0.01314900,0.01311900,0.01312900,311.49900000,1674345599999,4.09182066,537,135.36300000,1.77851639,0
1674345600.0,0.01313000,0.01317200,0.01312000,0.01316800,374.90800000,1674346499999,4.93002251,613,151.19800000,1.98774812,0
1674346500.0,0.01316800,0.01317200,0.01313200,0.01314400,177.34200000,1674347399999,2.33277743,363,100.56000000,1.32279371,0
1674347400.0,0.01314400,0.01317500,0.01312800,0.01317500,200.77100000,1674348299999,2.63930315,400,145.43200000,1.91203855,0
1674348300.0,0.01317500,0.01319000,0.01317000,0.01318100,174.12400000,1674349199999,2.29501820,307,94.02800000,1.23943911,0
1674349200.0,0.01318000,0.01319100,0.01317100,0.01318300,158.15400000,1674350099999,2.08460059,310,78.70300000,1.03750023,0
1674350100.0,0.01318300,0.01319500,0.01317300,0.01319400,213.55800000,1674350999999,2.81549246,383,88.14800000,1.16243813,0
1674351000.0,0.01319400,0.01322100,0.01317700,0.01321600,326.62100000,1674351899999,4.30889512,541,119.71600000,1.58018054,0
1674351900.0,0.01321700,0.01322200,0.01320100,0.01321300,200.52300000,1674352799999,2.64909816,339,76.31200000,1.00834768,0
1674352800.0,0.01321200,0.01322600,0.01320700,0.01322200,55.73500000,1674353699999,0.73677680,229,45.49300000,0.60138030,0
1674353700.0,0.01322100,0.01325600,0.01318900,0.01321500,1035.57100000,1674354599999,13.69209568,681,635.83700000,8.41568785,0
1674354600.0,0.01321500,0.01325100,0.01318900,0.01323400,581.14200000,1674355499999,7.67638127,539,240.26900000,3.17575569,0
1674355500.0,0.01323500,0.01325900,0.01321700,0.01321700,313.67700000,1674356399999,4.15260090,375,210.84200000,2.79213602,0
1674356400.0,0.01321700,0.01322000,0.01320600,0.01321500,139.67500000,1674357299999,1.84552326,224,58.99600000,0.77958278,0
1674357300.0,0.01321300,0.01323600,0.01317200,0.01319900,374.26700000,1674358199999,4.93996334,626,129.73300000,1.71247824,0
1674358200.0,0.01319900,0.01320700,0.01318000,0.01318700,107.49400000,1674359099999,1.41846323,194,54.11100000,0.71426379,0
1674359100.0,0.01318600,0.01319800,0.01317800,0.01319500,529.57300000,1674359999999,6.98305392,264,452.18300000,5.96243664,0
1674360000.0,0.01319500,0.01320700,0.01319500,0.01320700,127.38500000,1674360899999,1.68170135,130,36.51300000,0.48201726,0
1674360900.0,0.01320600,0.01320700,0.01319100,0.01319300,53.77000000,1674361799999,0.70978025,130,30.96300000,0.40875447,0
1674361800.0,0.01319400,0.01319400,0.01317300,0.01318600,156.94100000,1674362699999,2.06873629,279,64.85700000,0.85488665,0
1674362700.0,0.01318500,0.01321900,0.01318400,0.01321500,291.70200000,1674363599999,3.85128353,382,209.62600000,2.76750906,0
1674363600.0,0.01321400,0.01322100,0.01319900,0.01320500,114.19600000,1674364499999,1.50829266,244,65.62200000,0.86673319,0
1674364500.0,0.01320500,0.01320700,0.01318500,0.01318800,141.91100000,1674365399999,1.87229791,263,72.14100000,0.95180816,0
1674365400.0,0.01318800,0.01320600,0.01318100,0.01319800,90.58700000,1674366299999,1.19510292,232,47.14100000,0.62191415,0
1674366300.0,0.01319700,0.01321000,0.01318300,0.01320000,79.57200000,1674367199999,1.05008786,177,50.70500000,0.66915172,0
1674367200.0,0.01320000,0.01320100,0.01319300,0.01320000,75.77600000,1674368099999,1.00012793,155,21.32700000,0.28146967,0
1674368100.0,0.01320000,0.01321200,0.01317900,0.01318600,104.26200000,1674368999999,1.37575489,247,31.40300000,0.41439009,0
1674369000.0,0.01318500,0.01318600,0.01316100,0.01316800,214.58500000,1674369899999,2.82630604,357,60.29300000,0.79430257,0
1674369900.0,0.01316900,0.01318100,0.01316100,0.01318000,105.78900000,1674370799999,1.39319447,246,72.65600000,0.95685208,0
1674370800.0,0.01317900,0.01319200,0.01317000,0.01317300,149.99000000,1674371699999,1.97696086,272,84.41900000,1.11285653,0
1674371700.0,0.01317300,0.01317400,0.01316600,0.01317200,96.31000000,1674372599999,1.26843744,189,42.23200000,0.55618626,0
1674372600.0,0.01317200,0.01318700,0.01315400,0.01318600,143.84300000,1674373499999,1.89456193,315,80.20900000,1.05653779,0
1674373500.0,0.01318700,0.01320200,0.01318700,0.01319900,188.47100000,1674374399999,2.48680453,314,116.53600000,1.53774166,0
1674374400.0,0.01320000,0.01321400,0.01319000,0.01320900,105.50900000,1674375299999,1.39294034,302,58.65600000,0.77443264,0
1674375300.0,0.01320900,0.01321200,0.01319200,0.01319500,123.33600000,1674376199999,1.62808376,419,49.19700000,0.64942702,0
1674376200.0,0.01319500,0.01319700,0.01317800,0.01318800,184.95400000,1674377099999,2.43912750,376,80.30600000,1.05914005,0
1674377100.0,0.01318800,0.01319700,0.01318200,0.01319500,156.53800000,1674377999999,2.06447715,271,96.12300000,1.26763797,0
1674378000.0,0.01319500,0.01320100,0.01318400,0.01318600,116.03100000,1674378899999,1.53081526,264,37.66600000,0.49692386,0
1674378900.0,0.01318600,0.01318600,0.01316000,0.01317300,181.52400000,1674379799999,2.39151620,383,63.35000000,0.83475575,0
1674379800.0,0.01317300,0.01320400,0.01317300,0.01320300,128.88100000,1674380699999,1.69936879,294,100.27000000,1.32212899,0
1674380700.0,0.01320500,0.01320500,0.01319300,0.01319600,93.25100000,1674381599999,1.23083267,275,53.03600000,0.70000465,0
1674381600.0,0.01319500,0.01319700,0.01318100,0.01318900,98.59200000,1674382499999,1.30007957,282,41.37600000,0.54559158,0
1674382500.0,0.01319000,0.01321100,0.01319000,0.01321000,69.56400000,1674383399999,0.91813189,201,40.13700000,0.52967296,0
1674383400.0,0.01321000,0.01321800,0.01320600,0.01321200,99.14000000,1674384299999,1.30992897,283,50.01700000,0.66085757,0
1674384300.0,0.01321300,0.01323500,0.01321100,0.01323000,217.10300000,1674385199999,2.87097244,323,102.94700000,1.36148073,0
1674385200.0,0.01323000,0.01326500,0.01323000,0.01326400,333.04300000,1674386099999,4.41468889,657,199.52400000,2.64469825,0
1674386100.0,0.01326500,0.01327700,0.01323800,0.01326100,1001.41800000,1674386999999,13.27742735,1170,694.70300000,9.21158787,0
1674387000.0,0.01326100,0.01329700,0.01325600,0.01328800,384.85300000,1674387899999,5.11083035,561,185.38200000,2.46191950,0
1674387900.0,0.01328800,0.01330000,0.01328000,0.01328700,130.57300000,1674388799999,1.73566311,290,61.61000000,0.81902546,0
1674388800.0,0.01328700,0.01329500,0.01326100,0.01327900,165.34900000,1674389699999,2.19515464,320,79.53700000,1.05588704,0
1674389700.0,0.01328000,0.01329700,0.01327700,0.01328000,152.56200000,1674390599999,2.02697229,263,91.34400000,1.21370772,0
1674390600.0,0.01327900,0.01328500,0.01326900,0.01327300,145.84700000,1674391499999,1.93682364,293,53.43600000,0.70963417,0
1674391500.0,0.01327400,0.01329000,0.01326500,0.01327900,195.93100000,1674392399999,2.60174397,408,80.11500000,1.06381806,0
1674392400.0,0.01327800,0.01328600,0.01324000,0.01324900,407.79500000,1674393299999,5.40847483,606,132.75800000,1.76130412,0
1674393300.0,0.01324800,0.01325300,0.01323000,0.01323600,178.42800000,1674394199999,2.36361919,264,46.05600000,0.61002782,0
1674394200.0,0.01323400,0.01326800,0.01322000,0.01326800,285.34100000,1674395099999,3.77792979,438,195.51700000,2.58934226,0
1674395100.0,0.01326900,0.01328200,0.01325100,0.01326700,415.53400000,1674395999999,5.51095544,460,244.95200000,3.24893009,0
1674396000.0,0.01326800,0.01328900,0.01326500,0.01328200,106.52200000,1674396899999,1.41444222,270,53.72500000,0.71334898,0
1674396900.0,0.01328300,0.01331800,0.01328300,0.01331100,455.73500000,1674397799999,6.06253547,665,279.52900000,3.71898493,0
1674397800.0,0.01331200,0.01333000,0.01330900,0.01331500,1656.29800000,1674398699999,22.06280801,635,145.69000000,1.94070522,0
1674398700.0,0.01331500,0.01333100,0.01327900,0.01329000,385.21200000,1674399599999,5.12795270,672,168.35000000,2.24095145,0
1674399600.0,0.01329100,0.01332100,0.01327900,0.01331500,557.17000000,1674400499999,7.40639675,534,180.56800000,2.40086562,0
1674400500.0,0.01331500,0.01333100,0.01326700,0.01331100,2174.33500000,1674401399999,28.90753123,1334,1698.69900000,22.57900209,0
1674401400.0,0.01331000,0.01332700,0.01328400,0.01330300,325.52300000,1674402299999,4.33255364,628,122.80000000,1.63411853,0
1674402300.0,0.01330200,0.01331800,0.01329400,0.01330800,134.48300000,1674403199999,1.78993056,347,45.59700000,0.60675298,0
1674403200.0,0.01330800,0.01331600,0.01328800,0.01330400,192.96400000,1674404099999,2.56678669,415,67.48800000,0.89781386,0
1674404100.0,0.01330300,0.01331000,0.01328400,0.01328800,187.30500000,1674404999999,2.49126616,387,104.87000000,1.39499299,0
1674405000.0,0.01328800,0.01330200,0.01328300,0.01330200,243.28300000,1674405899999,3.23415093,265,162.13000000,2.15554033,0
1674405900.0,0.01330100,0.01330900,0.01328900,0.01329700,139.52600000,1674406799999,1.85563022,349,68.84600000,0.91564348,0
1674406800.0,0.01329700,0.01330800,0.01329200,0.01329600,207.85500000,1674407699999,2.76425282,293,63.07700000,0.83885448,0
1674407700.0,0.01329600,0.01330900,0.01329200,0.01330700,278.26700000,1674408599999,3.70132116,404,153.83000000,2.04607750,0
1674408600.0,0.01330700,0.01345300,0.01329400,0.01342000,1772.19100000,1674409499999,23.73123592,3200,1021.01800000,13.66409968,0
1674409500.0,0.01341900,0.01352900,0.01341600,0.01352400,1735.98200000,1674410399999,23.37967252,2324,976.93600000,13.16289758,0
1674410400.0,0.01352200,0.01359900,0.01339100,0.01341200,2087.43700000,1674411299999,28.12519882,4046,955.14900000,12.87620574,0
1674411300.0,0.01341100,0.01342900,0.01337500,0.01341400,417.50300000,1674412199999,5.59520283,939,219.53900000,2.94280499,0
1674412200.0,0.01341500,0.01348300,0.01341500,0.01346400,322.21900000,1674413099999,4.33435799,803,232.75400000,3.13129417,0
1674413100.0,0.01346300,0.01347800,0.01345000,0.01345000,267.25600000,1674413999999,3.59691226,495,127.75400000,1.71942879,0
1674414000.0,0.01344900,0.01345200,0.01340000,0.01340700,303.82100000,1674414899999,4.07921688,603,118.22000000,1.58787270,0
1674414900.0,0.01340600,0.01340900,0.01334700,0.01336200,549.16700000,1674415799999,7.34532356,1126,229.85500000,3.07400611,0
1674415800.0,0.01336100,0.01337400,0.01334900,0.01337000,179.89100000,1674416699999,2.40361230,386,114.28600000,1.52705278,0
1674416700.0,0.01336900,0.01337800,0.01334600,0.01337500,185.25200000,1674417599999,2.47583790,495,121.16800000,1.61956994,0
1674417600.0,0.01337400,0.01341500,0.01336100,0.01340200,1128.36100000,1674418499999,15.11596673,1260,813.05200000,10.89299540,0
1674418500.0,0.01340200,0.01340400,0.01337600,0.01338200,202.22800000,1674419399999,2.70795467,462,77.04100000,1.03189271,0
1674419400.0,0.01338100,0.01338700,0.01335600,0.01336200,225.47600000,1674420299999,3.01515123,635,117.14700000,1.56659067,0
1674420300.0,0.01336100,0.01339100,0.01333500,0.01335200,668.89400000,1674421199999,8.93782938,1147,338.82600000,4.52799991,0
1674421200.0,0.01335200,0.01341600,0.01334700,0.01339400,313.65000000,1674422099999,4.20009620,687,203.94900000,2.73146750,0
1674422100.0,0.01339500,0.01344800,0.01339300,0.01344000,246.71700000,1674422999999,3.31188017,698,170.64300000,2.29076985,0
1674423000.0,0.01344000,0.01344600,0.01340600,0.01341000,126.42700000,1674423899999,1.69743333,441,51.73400000,0.69468939,0
1674423900.0,0.01340900,0.01341500,0.01332600,0.01336000,351.55700000,1674424799999,4.69915976,843,85.60300000,1.14454897,0
1674424800.0,0.01336200,0.01336800,0.01333500,0.01334800,152.95900000,1674425699999,2.04210751,390,109.88800000,1.46715790,0
1674425700.0,0.01334700,0.01335100,0.01331600,0.01333900,226.95800000,1674426599999,3.02563490,495,96.81500000,1.29079912,0
1674426600.0,0.01333900,0.01334000,0.01329700,0.01332000,364.54500000,1674427499999,4.85725413,654,98.72900000,1.31513238,0
1674427500.0,0.01332000,0.01333200,0.01329400,0.01329900,147.30300000,1674428399999,1.96161022,349,61.15200000,0.81458953,0
1674428400.0,0.01329800,0.01331300,0.01327800,0.01331000,237.55900000,1674429299999,3.15822518,550,103.98200000,1.38283035,0
1674429300.0,0.01330900,0.01332100,0.01330600,0.01332000,133.61400000,1674430199999,1.77888190,293,71.34900000,0.94992407,0
1674430200.0,0.01332100,0.01334400,0.01329500,0.01332400,213.46400000,1674431099999,2.84446200,440,104.89300000,1.39842663,0
1674431100.0,0.01332400,0.01334400,0.01331700,0.01334400,117.02900000,1674431999999,1.56034903,242,71.87900000,0.95849878,0
1674432000.0,0.01334500,0.01340700,0.01334400,0.01340700,311.21600000,1674432899999,4.16348595,748,236.33500000,3.16197424,0
1674432900.0,0.01340700,0.01344800,0.01340700,0.01343600,527.86800000,1674433799999,7.08818922,847,384.50300000,5.16270946,0
1674433800.0,0.01343600,0.01345600,0.01341800,0.01345600,169.57400000,1674434699999,2.27912150,488,106.82300000,1.43585193,0
1674434700.0,0.01345600,0.01345800,0.01340200,0.01340600,212.27000000,1674435599999,2.84874060,407,70.54200000,0.94637855,0
1674435600.0,0.01340600,0.01346700,0.01340600,0.01346400,371.68200000,1674436499999,4.99233911,498,188.93100000,2.53852286,0
1674436500.0,0.01346300,0.01346300,0.01341000,0.01342400,353.82500000,1674437399999,4.75387708,664,142.66500000,1.91636954,0
1674437400.0,0.01342400,0.01344100,0.01341800,0.01343500,183.46300000,1674438299999,2.46338425,321,79.30100000,1.06515042,0
1674438300.0,0.01343600,0.01344800,0.01342800,0.01342900,162.95300000,1674439199999,2.18984687,361,100.39700000,1.34932852,0
1674439200.0,0.01343000,0.01345300,0.01343000,0.01343900,291.50800000,1674440099999,3.91933164,427,105.90700000,1.42395643,0
1674440100.0,0.01343900,0.01350400,0.01343700,0.01350000,446.52500000,1674440999999,6.01465594,808,274.92500000,3.70495484,0
1674441000.0,0.01350000,0.01352600,0.01348300,0.01349000,324.17900000,1674441899999,4.37917341,644,174.68300000,2.35979696,0
1674441900.0,0.01349000,0.01352300,0.01348900,0.01350700,209.17400000,1674442799999,2.82453807,347,68.84000000,0.92976670,0
1674442800.0,0.01350700,0.01350700,0.01347600,0.01347700,257.83400000,1674443699999,3.48041221,465,73.01100000,0.98542257,0
1674443700.0,0.01347600,0.01347700,0.01344200,0.01344900,201.22000000,1674444599999,2.70835201,422,60.51800000,0.81466322,0
1674444600.0,0.01344800,0.01345900,0.01344300,0.01344300,123.16700000,1674445499999,1.65669339,263,72.17000000,0.97080673,0
1674445500.0,0.01344300,0.01344300,0.01340100,0.01341100,268.26300000,1674446399999,3.60118419,544,87.01500000,1.16802138,0
1674446400.0,0.01341200,0.01341500,0.01336900,0.01341200,347.49500000,1674447299999,4.65280564,626,155.72300000,2.08492840,0
1674447300.0,0.01341100,0.01341700,0.01340400,0.01341300,61.77500000,1674448199999,0.82846573,216,37.02300000,0.49651139,0
1674448200.0,0.01341400,0.01342500,0.01341300,0.01341700,117.15400000,1674449099999,1.57222784,230,51.10400000,0.68581521,0
1674449100.0,0.01341700,0.01346000,0.01341100,0.01344700,347.53700000,1674449999999,4.66783111,521,177.21400000,2.38094136,0
1674450000.0,0.01344700,0.01344700,0.01342600,0.01342900,120.71600000,1674450899999,1.62189170,246,46.92100000,0.63043246,0
1674450900.0,0.01342900,0.01343700,0.01341800,0.01343500,196.73900000,1674451799999,2.64172726,305,67.40200000,0.90514837,0
1674451800.0,0.01343400,0.01343400,0.01340600,0.01342700,157.85500000,1674452699999,2.11824654,338,67.95600000,0.91208052,0
1674452700.0,0.01342700,0.01342700,0.01341500,0.01341700,58.13900000,1674453599999,0.78021372,181,33.46900000,0.44917119,0
1674453600.0,0.01341700,0.01344000,0.01341200,0.01344000,61.23300000,1674454499999,0.82193846,205,35.49800000,0.47656788,0
1674454500.0,0.01344000,0.01344000,0.01341800,0.01342000,90.74300000,1674455399999,1.21844723,235,37.63300000,0.50531194,0
1674455400.0,0.01342000,0.01343400,0.01341400,0.01341800,88.63200000,1674456299999,1.18988744,203,65.27700000,0.87641780,0
1674456300.0,0.01341900,0.01341900,0.01339700,0.01340700,60.49900000,1674457199999,0.81102383,236,33.14100000,0.44424592,0
1674457200.0,0.01340700,0.01342200,0.01338500,0.01338600,331.33100000,1674458099999,4.44095004,351,252.33700000,3.38280760,0
1674458100.0,0.01338600,0.01340000,0.01336700,0.01339000,350.23100000,1674458999999,4.68817999,674,186.70400000,2.49940439,0
1674459000.0,0.01339000,0.01339100,0.01337800,0.01338300,117.63900000,1674459899999,1.57453961,286,57.82000000,0.77387699,0
1674459900.0,0.01338200,0.01338900,0.01336700,0.01337200,196.19200000,1674460799999,2.62497931,381,99.26200000,1.32823742,0
1674460800.0,0.01337200,0.01340300,0.01336700,0.01339500,327.55800000,1674461699999,4.38432695,502,200.06000000,2.67743609,0
1674461700.0,0.01339600,0.01339600,0.01337800,0.01338800,127.18600000,1674462599999,1.70277333,337,68.97900000,0.92352959,0
1674462600.0,0.01338700,0.01339800,0.01336000,0.01337200,489.55100000,1674463499999,6.54811219,479,114.03700000,1.52683264,0
1674463500.0,0.01337100,0.01337500,0.01335900,0.01336500,143.30900000,1674464399999,1.91551070,281,88.31800000,1.18047633,0
1674464400.0,0.01336500,0.01337900,0.01335800,0.01337500,327.34600000,1674465299999,4.37631373,259,264.49600000,3.53622596,0
1674465300.0,0.01337500,0.01338100,0.01336400,0.01336700,151.26100000,1674466199999,2.02326493,485,54.50400000,0.72902483,0
1674466200.0,0.01336800,0.01338000,0.01336600,0.01337400,138.52000000,1674467099999,1.85254911,343,85.39700000,1.14209299,0
1674467100.0,0.01337300,0.01338300,0.01336900,0.01338200,129.69400000,1674467999999,1.73497262,316,54.16300000,0.72459476,0
1674468000.0,0.01338100,0.01338600,0.01334000,0.01334300,265.60800000,1674468899999,3.55010380,622,90.70200000,1.21250171,0
1674468900.0,0.01334200,0.01336100,0.01333300,0.01333800,419.40300000,1674469799999,5.59717565,555,263.11000000,3.51142585,0
1674469800.0,0.01333700,0.01335700,0.01333500,0.01334600,319.28600000,1674470699999,4.26181222,466,171.33600000,2.28714437,0
1674470700.0,0.01334600,0.01336100,0.01329500,0.01334300,952.58300000,1674471599999,12.70118358,952,311.93300000,4.16223306,0
1674471600.0,0.01334300,0.01337900,0.01334300,0.01337800,363.90400000,1674472499999,4.86140231,635,210.48100000,2.81204069,0
1674472500.0,0.01337700,0.01339600,0.01336900,0.01338400,682.03000000,1674473399999,9.12417413,611,531.99800000,7.11683692,0
1674473400.0,0.01338300,0.01338700,0.01335400,0.01338000,274.19600000,1674474299999,3.66763840,394,138.25600000,1.85000235,0
1674474300.0,0.01337900,0.01339800,0.01337400,0.01337900,459.26300000,1674475199999,6.14674928,457,250.08200000,3.34753078,0
1674475200.0,0.01337900,0.01338800,0.01335000,0.01336100,281.23400000,1674476099999,3.76073554,462,140.42500000,1.87763571,0
1674476100.0,0.01336100,0.01336800,0.01334000,0.01334300,231.31100000,1674476999999,3.08983468,435,137.97300000,1.84325435,0
1674477000.0,0.01334300,0.01335600,0.01333400,0.01334000,193.48100000,1674477899999,2.58169350,391,108.01700000,1.44148320,0
1674477900.0,0.01334000,0.01335500,0.01331500,0.01332300,1201.05500000,1674478799999,16.03385616,555,135.22600000,1.80344693,0
1674478800.0,0.01332300,0.01333500,0.01331800,0.01332400,244.85400000,1674479699999,3.26263183,389,87.28700000,1.16319506,0
1674479700.0,0.01332400,0.01335000,0.01330900,0.01331800,703.77200000,1674480599999,9.38625229,514,357.69800000,4.76979232,0
1674480600.0,0.01331900,0.01334300,0.01331300,0.01333400,254.98800000,1674481499999,3.39847052,481,115.22600000,1.53585045,0
1674481500.0,0.01333400,0.01333600,0.01330500,0.01332300,674.57200000,1674482399999,8.98960352,840,190.98700000,2.54479845,0
1674482400.0,0.01332300,0.01336000,0.01331800,0.01332500,378.03700000,1674483299999,5.04099255,703,215.26400000,2.87097001,0
1674483300.0,0.01332400,0.01334500,0.01331900,0.01333100,245.42200000,1674484199999,3.27161060,469,159.82500000,2.13054791,0
1674484200.0,0.01333200,0.01335300,0.01333100,0.01333900,214.90200000,1674485099999,2.86738500,389,120.38900000,1.60668978,0
1674485100.0,0.01333900,0.01337600,0.01326700,0.01335800,2167.85000000,1674485999999,28.90077295,2465,1363.44800000,18.18518831,0
1674486000.0,0.01336000,0.01337200,0.01333200,0.01334400,794.76800000,1674486899999,10.60805933,1072,485.24700000,6.47694526,0
1674486900.0,0.01334300,0.01335600,0.01332800,0.01333000,177.27200000,1674487799999,2.36526752,491,80.68900000,1.07664769,0
1674487800.0,0.01333000,0.01334300,0.01327600,0.01330000,487.17600000,1674488699999,6.48494223,937,209.76000000,2.79215991,0
1674488700.0,0.01329900,0.01331700,0.01328200,0.01328500,333.01300000,1674489599999,4.42716790,533,96.70900000,1.28563973,0
1674489600.0,0.01328400,0.01330500,0.01327000,0.01327600,176.25200000,1674490499999,2.34089702,420,84.68600000,1.12483164,0
1674490500.0,0.01327600,0.01329500,0.01327600,0.01327800,215.49200000,1674491399999,2.86352908,383,71.39800000,0.94866102,0
1674491400.0,0.01327800,0.01334700,0.01327300,0.01332300,455.68400000,1674492299999,6.06751882,816,285.84100000,3.80510954,0
1674492300.0,0.01332300,0.01334600,0.01331300,0.01331300,260.43900000,1674493199999,3.47189288,466,136.75100000,1.82312380,0
1674493200.0,0.01331400,0.01331600,0.01327000,0.01327400,333.82400000,1674494099999,4.43634341,647,111.51800000,1.48187929,0
1674494100.0,0.01327400,0.01328400,0.01326700,0.01327800,118.85100000,1674494999999,1.57753406,321,53.43900000,0.70934891,0
1674495000.0,0.01327800,0.01328300,0.01326500,0.01328100,103.98000000,1674495899999,1.38006551,328,42.19400000,0.56009125,0
1674495900.0,0.01328100,0.01329100,0.01323700,0.01323700,364.84100000,1674496799999,4.83924283,833,113.88400000,1.51104248,0
1674496800.0,0.01323700,0.01326500,0.01321800,0.01321800,431.02600000,1674497699999,5.70620852,831,156.70000000,2.07526996,0
1674497700.0,0.01321700,0.01323400,0.01320500,0.01323300,317.80200000,1674498599999,4.20069413,665,156.12800000,2.06370027,0
1674498600.0,0.01323200,0.01324500,0.01322400,0.01324100,228.42600000,1674499499999,3.02317020,488,104.57000000,1.38406029,0
1674499500.0,0.01324100,0.01331500,0.01323500,0.01329000,375.73400000,1674500399999,4.98594063,885,285.26400000,3.78481663,0
1674500400.0,0.01329000,0.01333000,0.01328300,0.01332500,297.04000000,1674501299999,3.95475886,610,200.47000000,2.66870536,0
1674501300.0,0.01332400,0.01334700,0.01332200,0.01334100,327.19700000,1674502199999,4.36391353,539,280.50600000,3.74117345,0
1674502200.0,0.01334000,0.01339000,0.01333600,0.01337400,401.23200000,1674503099999,5.36333640,959,212.88500000,2.84548762,0
1674503100.0,0.01337600,0.01339400,0.01336900,0.01336900,292.70000000,1674503999999,3.91713402,557,179.17100000,2.39829354,0
1674504000.0,0.01336900,0.01338100,0.01336200,0.01336700,178.42400000,1674504899999,2.38544238,353,70.16600000,0.93812065,0
1674504900.0,0.01336700,0.01337600,0.01335700,0.01336700,227.44100000,1674505799999,3.03984294,306,69.19400000,0.92483591,0
1674505800.0,0.01336700,0.01337000,0.01335900,0.01335900,95.96700000,1674506699999,1.28265203,294,43.17700000,0.57708955,0
1674506700.0,0.01335900,0.01336100,0.01330000,0.01330000,195.25000000,1674507599999,2.60258092,544,49.43800000,0.65908762,0
1674507600.0,0.01330100,0.01332900,0.01329600,0.01332800,159.89000000,1674508499999,2.12938581,375,98.22100000,1.30818250,0
1674508500.0,0.01332900,0.01333400,0.01332600,0.01333100,89.96300000,1674509399999,1.19927529,253,53.68800000,0.71569793,0
1674509400.0,0.01333100,0.01333100,0.01331500,0.01331500,117.83600000,1674510299999,1.57004375,262,53.53000000,0.71332239,0
1674510300.0,0.01331500,0.01332100,0.01330500,0.01330600,75.33800000,1674511199999,1.00304156,241,33.04800000,0.43998649,0
1674511200.0,0.01330500,0.01333300,0.01330100,0.01332000,235.07300000,1674512099999,3.12981262,375,91.46900000,1.21827183,0
1674512100.0,0.01332000,0.01332500,0.01331700,0.01331700,48.80300000,1674512999999,0.65007966,191,17.58800000,0.23427724,0
1674513000.0,0.01331800,0.01333100,0.01331100,0.01331300,153.66900000,1674513899999,2.04715806,334,89.58300000,1.19358689,0
1674513900.0,0.01331400,0.01335800,0.01331400,0.01333800,214.83300000,1674514799999,2.86575691,471,152.98400000,2.04081334,0
1674514800.0,0.01333800,0.01335700,0.01333800,0.01334900,87.72300000,1674515699999,1.17107272,235,57.65800000,0.76974794,0
1674515700.0,0.01334900,0.01338400,0.01334300,0.01336000,284.81600000,1674516599999,3.80549870,449,190.75400000,2.54895552,0
1674516600.0,0.01336000,0.01336000,0.01331800,0.01332300,128.65300000,1674517499999,1.71656050,324,43.16200000,0.57554995,0
1674517500.0,0.01332400,0.01332600,0.01329300,0.01331600,221.32600000,1674518399999,2.94660859,416,84.77500000,1.12890760,0
1674518400.0,0.01331700,0.01331800,0.01324900,0.01328400,668.87000000,1674519299999,8.88195662,1270,259.13600000,3.43987472,0
1674519300.0,0.01328500,0.01336200,0.01327800,0.01335700,514.80700000,1674520199999,6.85901111,956,373.90800000,4.98106560,0
1674520200.0,0.01335600,0.01335700,0.01330500,0.01331400,309.81500000,1674521099999,4.12868967,582,98.56600000,1.31354303,0
1674521100.0,0.01331300,0.01333700,0.01329600,0.01333700,192.41100000,1674521999999,2.56150626,380,104.97900000,1.39793319,0
1674522000.0,0.01333600,0.01334800,0.01331900,0.01332100,233.78700000,1674522899999,3.11789515,424,97.85200000,1.30522447,0
1674522900.0,0.01332000,0.01332800,0.01330300,0.01332300,300.65500000,1674523799999,4.00220183,266,204.19000000,2.71797167,0
1674523800.0,0.01332400,0.01345900,0.01332400,0.01343300,1320.15700000,1674524699999,17.70309314,1702,1087.18700000,14.57675647,0
1674524700.0,0.01343400,0.01358500,0.01343400,0.01354600,2900.62800000,1674525599999,39.22945865,4248,1547.48500000,20.93030565,0
1674525600.0,0.01354700,0.01361200,0.01354700,0.01360200,980.67900000,1674526499999,13.31533798,1541,652.83700000,8.86499646,0
1674526500.0,0.01360200,0.01377600,0.01356900,0.01374800,2582.30300000,1674527399999,35.31575044,4608,1567.14000000,21.43199262,0
1674527400.0,0.01375200,0.01385900,0.01370800,0.01379500,2718.71100000,1674528299999,37.50262530,3189,1832.36100000,25.29481604,0
1674528300.0,0.01379400,0.01382200,0.01376000,0.01377800,1217.53600000,1674529199999,16.78546948,1383,406.05500000,5.59863484,0
1674529200.0,0.01377900,0.01382400,0.01377300,0.01381400,886.02700000,1674530099999,12.22921986,864,526.10000000,7.26179956,0
1674530100.0,0.01381300,0.01397400,0.01379200,0.01397300,1931.77100000,1674530999999,26.82775675,3065,1322.65200000,18.37392559,0
1674531000.0,0.01397100,0.01400900,0.01392300,0.01394700,4538.88300000,1674531899999,63.45310864,3439,1409.05900000,19.68255671,0
1674531900.0,0.01394600,0.01402300,0.01393900,0.01395100,1081.88200000,1674532799999,15.12603168,1591,574.47700000,8.03183109,0
1674532800.0,0.01395100,0.01396400,0.01385300,0.01387000,972.26900000,1674533699999,13.51692701,1891,446.02200000,6.20138028,0
1674533700.0,0.01386900,0.01396400,0.01384300,0.01391600,1278.52900000,1674534599999,17.78982795,2238,758.21500000,10.54935742,0
1674534600.0,0.01391600,0.01397200,0.01389800,0.01391900,410.74200000,1674535499999,5.72414364,897,182.32600000,2.54064800,0
1674535500.0,0.01392100,0.01397200,0.01389500,0.01395100,1183.06100000,1674536399999,16.48992881,1068,516.03200000,7.19386542,0
1674536400.0,0.01395100,0.01398500,0.01393100,0.01397700,365.50500000,1674537299999,5.10428014,699,206.24900000,2.88015495,0
1674537300.0,0.01397700,0.01397700,0.01389900,0.01390300,452.55300000,1674538199999,6.30510885,832,146.64900000,2.04332552,0
1674538200.0,0.01390300,0.01390300,0.01383400,0.01383900,353.40400000,1674539099999,4.90077785,991,104.73800000,1.45264006,0
1674539100.0,0.01383900,0.01386800,0.01382400,0.01383600,487.36900000,1674539999999,6.74780313,685,162.46300000,2.24899504,0
1674540000.0,0.01383600,0.01384900,0.01380000,0.01380100,476.49400000,1674540899999,6.58361770,792,272.13100000,3.75977726,0
1674540900.0,0.01380000,0.01380500,0.01376400,0.01377600,437.14800000,1674541799999,6.02601574,777,194.32300000,2.67839736,0
1674541800.0,0.01377600,0.01380100,0.01376900,0.01378400,313.59900000,1674542699999,4.32200996,477,196.90700000,2.71388092,0
1674542700.0,0.01378500,0.01381300,0.01377100,0.01380100,265.74900000,1674543599999,3.66631415,471,135.17000000,1.86471267,0
1674543600.0,0.01380100,0.01380100,0.01377400,0.01379400,495.85200000,1674544499999,6.83548800,637,196.30100000,2.70640358,0
1674544500.0,0.01379300,0.01380200,0.01375900,0.01378400,638.63800000,1674545399999,8.79908075,760,117.76500000,1.62284882,0
1674545400.0,0.01378400,0.01381700,0.01377900,0.01380500,308.66800000,1674546299999,4.25968686,500,163.19000000,2.25229314,0
1674546300.0,0.01380600,0.01382500,0.01379900,0.01379900,284.50100000,1674547199999,3.93049407,801,172.37100000,2.38133067,0
1674547200.0,0.01379900,0.01379900,0.01369800,0.01372300,1269.19100000,1674548099999,17.43800506,1709,280.85700000,3.85955278,0
1674548100.0,0.01372400,0.01374700,0.01371700,0.01372400,369.76200000,1674548999999,5.07794222,666,151.39200000,2.07928322,0
1674549000.0,0.01372400,0.01374900,0.01371700,0.01373800,929.03000000,1674549899999,12.76647469,595,230.29400000,3.16401777,0
1674549900.0,0.01373800,0.01374400,0.01371000,0.01371100,148.70600000,1674550799999,2.04156041,306,47.86300000,0.65713740,0
1674550800.0,0.01371100,0.01374400,0.01365500,0.01369400,1792.32500000,1674551699999,24.55431139,2400,854.03800000,11.70487393,0
1674551700.0,0.01369400,0.01371000,0.01368800,0.01370500,147.46600000,1674552599999,2.02043696,315,67.06800000,0.91880938,0
